
<entities xmlns:xsd="http://www.w3.org/2001/XMLSchema" xmlns:xsi="http://www.w3.org/2001/XMLSchema-instance" timestamp="2025-03-24T10:59:13.3829328Z">
  <entity name="msdyn_notificationtemplate" displayname="Notification Template">
    <records>
      <record id="06407b43-5d08-f011-bae3-0022489263ad">
        <field name="msdyn_acceptbuttontext" value="Accept" />
        <field name="msdyn_autoacceptnotification" value="False" />
        <field name="msdyn_autopopupsession" value="False" />
        <field name="msdyn_timeout" value="60" />
        <field name="msdyn_icon" value="/webresources/msdyn_chat_icon_zfp.svg" />
        <field name="msdyn_name" value="BZI Voice call - incoming unauthenticated" />
        <field name="msdyn_notificationtemplateid" value="06407b43-5d08-f011-bae3-0022489263ad" />
        <field name="msdyn_rejectbuttontext" value="Reject" />
        <field name="msdyn_showtimeout" value="True" />
        <field name="msdyn_desktopnotificationmode" value="509180002" />
        <field name="msdyn_showrejectbutton" value="True" />
        <field name="statecode" value="0" />
        <field name="statuscode" value="1" />
        <field name="msdyn_theme" value="509180000" />
        <field name="msdyn_title" value="{headerText}" />
        <field name="msdyn_uniquename" value="msdyn_voicecall_incoming_unauthenticated_bzi" />
      </record>
      <record id="0bf2ca8b-5d08-f011-bae3-0022489263ad">
        <field name="msdyn_acceptbuttontext" value="Accept" />
        <field name="msdyn_autoacceptnotification" value="False" />
        <field name="msdyn_autopopupsession" value="False" />
        <field name="msdyn_timeout" value="60" />
        <field name="msdyn_icon" value="/webresources/msdyn_chat_icon_zfp.svg" />
        <field name="msdyn_name" value="BZI Chat - incoming authenticated" />
        <field name="msdyn_notificationtemplateid" value="0bf2ca8b-5d08-f011-bae3-0022489263ad" />
        <field name="msdyn_rejectbuttontext" value="Reject" />
        <field name="msdyn_showtimeout" value="True" />
        <field name="msdyn_desktopnotificationmode" value="509180002" />
        <field name="msdyn_showrejectbutton" value="True" />
        <field name="statecode" value="0" />
        <field name="statuscode" value="1" />
        <field name="msdyn_theme" value="509180000" />
        <field name="msdyn_title" value="{headerText}" />
        <field name="msdyn_uniquename" value="msdyn_chat_incoming_authenticated_bzi" />
      </record>
      <record id="ed4d5edc-5d08-f011-bae3-0022489263ad">
        <field name="msdyn_acceptbuttontext" value="Accept" />
        <field name="msdyn_autoacceptnotification" value="False" />
        <field name="msdyn_autopopupsession" value="False" />
        <field name="msdyn_timeout" value="60" />
        <field name="msdyn_icon" value="/webresources/msdyn_chat_icon_zfp.svg" />
        <field name="msdyn_name" value="BZI Chat - transfer" />
        <field name="msdyn_notificationtemplateid" value="ed4d5edc-5d08-f011-bae3-0022489263ad" />
        <field name="msdyn_rejectbuttontext" value="Reject" />
        <field name="msdyn_showtimeout" value="True" />
        <field name="msdyn_desktopnotificationmode" value="509180002" />
        <field name="msdyn_showrejectbutton" value="True" />
        <field name="statecode" value="0" />
        <field name="statuscode" value="1" />
        <field name="msdyn_theme" value="509180000" />
        <field name="msdyn_title" value="{headerText}" />
        <field name="msdyn_uniquename" value="msdyn_chat_transfer_BZI" />
      </record>
      <record id="6fd8654e-5e08-f011-bae3-0022489263ad">
        <field name="msdyn_acceptbuttontext" value="Accept" />
        <field name="msdyn_autoacceptnotification" value="False" />
        <field name="msdyn_autopopupsession" value="False" />
        <field name="msdyn_timeout" value="60" />
        <field name="msdyn_icon" value="/webresources/msdyn_chat_icon_zfp.svg" />
        <field name="msdyn_name" value="BZI Chat consult" />
        <field name="msdyn_notificationtemplateid" value="6fd8654e-5e08-f011-bae3-0022489263ad" />
        <field name="msdyn_rejectbuttontext" value="Reject" />
        <field name="msdyn_showtimeout" value="True" />
        <field name="msdyn_desktopnotificationmode" value="509180002" />
        <field name="msdyn_showrejectbutton" value="True" />
        <field name="statecode" value="0" />
        <field name="statuscode" value="1" />
        <field name="msdyn_theme" value="509180000" />
        <field name="msdyn_title" value="{headerText}" />
        <field name="msdyn_uniquename" value="msdyn_chat_consult_BZI" />
      </record>
      <record id="14806d6e-5e08-f011-bae3-0022489263ad">
        <field name="msdyn_acceptbuttontext" value="Accept" />
        <field name="msdyn_autoacceptnotification" value="False" />
        <field name="msdyn_autopopupsession" value="False" />
        <field name="msdyn_timeout" value="60" />
        <field name="msdyn_icon" value="/webresources/msdyn_chat_icon_zfp.svg" />
        <field name="msdyn_name" value="BZI Chat- supervisor assign" />
        <field name="msdyn_notificationtemplateid" value="14806d6e-5e08-f011-bae3-0022489263ad" />
        <field name="msdyn_rejectbuttontext" value="Reject" />
        <field name="msdyn_showtimeout" value="True" />
        <field name="msdyn_desktopnotificationmode" value="509180002" />
        <field name="msdyn_showrejectbutton" value="True" />
        <field name="statecode" value="0" />
        <field name="statuscode" value="1" />
        <field name="msdyn_theme" value="509180000" />
        <field name="msdyn_title" value="{headerText}" />
        <field name="msdyn_uniquename" value="msdyn_chat_supervisor_assign_BZI" />
      </record>
      <record id="83a09aba-6608-f011-bae3-0022489263ad">
        <field name="msdyn_acceptbuttontext" value="Accept" />
        <field name="msdyn_autoacceptnotification" value="False" />
        <field name="msdyn_autopopupsession" value="False" />
        <field name="msdyn_timeout" value="60" />
        <field name="msdyn_icon" value="/webresources/msdyn_entity_icon_zfp.svg" />
        <field name="msdyn_name" value="BZI Entity record - assign" />
        <field name="msdyn_notificationtemplateid" value="83a09aba-6608-f011-bae3-0022489263ad" />
        <field name="msdyn_rejectbuttontext" value="Reject" />
        <field name="msdyn_showtimeout" value="True" />
        <field name="msdyn_desktopnotificationmode" value="509180002" />
        <field name="msdyn_showrejectbutton" value="True" />
        <field name="statecode" value="0" />
        <field name="statuscode" value="1" />
        <field name="msdyn_theme" value="509180000" />
        <field name="msdyn_title" value="New work item assigned" />
        <field name="msdyn_uniquename" value="msdyn_entityrouting_assigned_BZI" />
      </record>
      <record id="980bcf7f-6308-f011-bae2-6045bdc3b516">
        <field name="msdyn_acceptbuttontext" value="Accept" />
        <field name="msdyn_autoacceptnotification" value="False" />
        <field name="msdyn_autopopupsession" value="False" />
        <field name="msdyn_timeout" value="60" />
        <field name="msdyn_icon" value="/webresources/msdyn_chat_icon_zfp.svg" />
        <field name="msdyn_name" value="BZI Voice call - supervisor assign" />
        <field name="msdyn_notificationtemplateid" value="980bcf7f-6308-f011-bae2-6045bdc3b516" />
        <field name="msdyn_rejectbuttontext" value="Reject" />
        <field name="msdyn_showtimeout" value="True" />
        <field name="msdyn_desktopnotificationmode" value="509180002" />
        <field name="msdyn_showrejectbutton" value="True" />
        <field name="statecode" value="0" />
        <field name="statuscode" value="1" />
        <field name="msdyn_theme" value="509180000" />
        <field name="msdyn_title" value="{headerText}" />
        <field name="msdyn_uniquename" value="msdyn_voicecall_supervisor_assign_BZI" />
      </record>
      <record id="39b15c9f-6308-f011-bae2-6045bdc3b516">
        <field name="msdyn_acceptbuttontext" value="Accept" />
        <field name="msdyn_autoacceptnotification" value="False" />
        <field name="msdyn_autopopupsession" value="False" />
        <field name="msdyn_timeout" value="60" />
        <field name="msdyn_icon" value="/webresources/msdyn_chat_icon_zfp.svg" />
        <field name="msdyn_name" value="BZI Voice call - consult" />
        <field name="msdyn_notificationtemplateid" value="39b15c9f-6308-f011-bae2-6045bdc3b516" />
        <field name="msdyn_rejectbuttontext" value="Reject" />
        <field name="msdyn_showtimeout" value="True" />
        <field name="msdyn_desktopnotificationmode" value="509180002" />
        <field name="msdyn_showrejectbutton" value="True" />
        <field name="statecode" value="0" />
        <field name="statuscode" value="1" />
        <field name="msdyn_theme" value="509180000" />
        <field name="msdyn_title" value="{headerText}" />
        <field name="msdyn_uniquename" value="msdyn_voicecall_consult_BZI" />
      </record>
      <record id="f3c94159-6408-f011-bae2-6045bdc3b516">
        <field name="msdyn_acceptbuttontext" value="Accept" />
        <field name="msdyn_autoacceptnotification" value="False" />
        <field name="msdyn_autopopupsession" value="False" />
        <field name="msdyn_timeout" value="60" />
        <field name="msdyn_icon" value="/webresources/msdyn_chat_icon_zfp.svg" />
        <field name="msdyn_name" value="BZI Voice call - transfer" />
        <field name="msdyn_notificationtemplateid" value="f3c94159-6408-f011-bae2-6045bdc3b516" />
        <field name="msdyn_rejectbuttontext" value="Reject" />
        <field name="msdyn_showtimeout" value="True" />
        <field name="msdyn_desktopnotificationmode" value="509180002" />
        <field name="msdyn_showrejectbutton" value="True" />
        <field name="statecode" value="0" />
        <field name="statuscode" value="1" />
        <field name="msdyn_theme" value="509180000" />
        <field name="msdyn_title" value="{headerText}" />
        <field name="msdyn_uniquename" value="msdyn_voicecall_transfer_BZI" />
      </record>
      <record id="7bd7a6f8-6508-f011-bae2-6045bdc3b516">
        <field name="msdyn_acceptbuttontext" value="Accept" />
        <field name="msdyn_autoacceptnotification" value="False" />
        <field name="msdyn_autopopupsession" value="False" />
        <field name="msdyn_timeout" value="60" />
        <field name="msdyn_icon" value="/webresources/msdyn_oc/_imgs/notifications/phonecallicon.svg" />
        <field name="msdyn_name" value="BZI Voice call - incoming authenticated" />
        <field name="msdyn_notificationtemplateid" value="7bd7a6f8-6508-f011-bae2-6045bdc3b516" />
        <field name="msdyn_rejectbuttontext" value="Reject" />
        <field name="msdyn_showtimeout" value="True" />
        <field name="msdyn_desktopnotificationmode" value="509180002" />
        <field name="msdyn_showrejectbutton" value="True" />
        <field name="statecode" value="0" />
        <field name="statuscode" value="1" />
        <field name="msdyn_theme" value="509180000" />
        <field name="msdyn_title" value="{headerText}" />
        <field name="msdyn_uniquename" value="msdyn_voicecall_incoming_authenticated_BZI" />
      </record>
      <record id="75bea212-6608-f011-bae2-6045bdc3b516">
        <field name="msdyn_acceptbuttontext" value="Accept" />
        <field name="msdyn_autoacceptnotification" value="False" />
        <field name="msdyn_autopopupsession" value="False" />
        <field name="msdyn_timeout" value="60" />
        <field name="msdyn_icon" value="/webresources/msdyn_oc/_imgs/notifications/callbackicon.svg" />
        <field name="msdyn_name" value="BZI Voice call - direct callback" />
        <field name="msdyn_notificationtemplateid" value="75bea212-6608-f011-bae2-6045bdc3b516" />
        <field name="msdyn_rejectbuttontext" value="Reject" />
        <field name="msdyn_showtimeout" value="True" />
        <field name="msdyn_desktopnotificationmode" value="509180002" />
        <field name="msdyn_showrejectbutton" value="True" />
        <field name="statecode" value="0" />
        <field name="statuscode" value="1" />
        <field name="msdyn_theme" value="509180000" />
        <field name="msdyn_title" value="{headerText}" />
        <field name="msdyn_uniquename" value="msdyn_voicecall_callback_previewdialing_BZI" />
      </record>
    </records>
    <m2mrelationships>
      <m2mrelationship sourceid="06407b43-5d08-f011-bae3-0022489263ad" targetentityname="msdyn_notificationfield" targetentitynameidfield="msdyn_notificationfieldid" m2mrelationshipname="msdyn_notificationtemplate_notificationfield">
        <targetids>
          <targetid>b2c7295d-37bc-424d-ba73-afcc7e4c6ccd</targetid>
        </targetids>
      </m2mrelationship>
      <m2mrelationship sourceid="0bf2ca8b-5d08-f011-bae3-0022489263ad" targetentityname="msdyn_notificationfield" targetentitynameidfield="msdyn_notificationfieldid" m2mrelationshipname="msdyn_notificationtemplate_notificationfield">
        <targetids>
          <targetid>b2c7295d-37bc-424d-ba73-afcc7e4c6ccd</targetid>
        </targetids>
      </m2mrelationship>
      <m2mrelationship sourceid="ed4d5edc-5d08-f011-bae3-0022489263ad" targetentityname="msdyn_notificationfield" targetentitynameidfield="msdyn_notificationfieldid" m2mrelationshipname="msdyn_notificationtemplate_notificationfield">
        <targetids>
          <targetid>b2c7295d-37bc-424d-ba73-afcc7e4c6ccd</targetid>
        </targetids>
      </m2mrelationship>
      <m2mrelationship sourceid="6fd8654e-5e08-f011-bae3-0022489263ad" targetentityname="msdyn_notificationfield" targetentitynameidfield="msdyn_notificationfieldid" m2mrelationshipname="msdyn_notificationtemplate_notificationfield">
        <targetids>
          <targetid>b2c7295d-37bc-424d-ba73-afcc7e4c6ccd</targetid>
        </targetids>
      </m2mrelationship>
      <m2mrelationship sourceid="14806d6e-5e08-f011-bae3-0022489263ad" targetentityname="msdyn_notificationfield" targetentitynameidfield="msdyn_notificationfieldid" m2mrelationshipname="msdyn_notificationtemplate_notificationfield">
        <targetids>
          <targetid>b2c7295d-37bc-424d-ba73-afcc7e4c6ccd</targetid>
        </targetids>
      </m2mrelationship>
      <m2mrelationship sourceid="83a09aba-6608-f011-bae3-0022489263ad" targetentityname="msdyn_notificationfield" targetentitynameidfield="msdyn_notificationfieldid" m2mrelationshipname="msdyn_notificationtemplate_notificationfield">
        <targetids>
          <targetid>b851d149-c2ea-46d4-a844-84aa2ae6b796</targetid>
          <targetid>b2c7295d-37bc-424d-ba73-afcc7e4c6ccd</targetid>
        </targetids>
      </m2mrelationship>
      <m2mrelationship sourceid="980bcf7f-6308-f011-bae2-6045bdc3b516" targetentityname="msdyn_notificationfield" targetentitynameidfield="msdyn_notificationfieldid" m2mrelationshipname="msdyn_notificationtemplate_notificationfield">
        <targetids>
          <targetid>b2c7295d-37bc-424d-ba73-afcc7e4c6ccd</targetid>
        </targetids>
      </m2mrelationship>
      <m2mrelationship sourceid="39b15c9f-6308-f011-bae2-6045bdc3b516" targetentityname="msdyn_notificationfield" targetentitynameidfield="msdyn_notificationfieldid" m2mrelationshipname="msdyn_notificationtemplate_notificationfield">
        <targetids>
          <targetid>b2c7295d-37bc-424d-ba73-afcc7e4c6ccd</targetid>
        </targetids>
      </m2mrelationship>
      <m2mrelationship sourceid="f3c94159-6408-f011-bae2-6045bdc3b516" targetentityname="msdyn_notificationfield" targetentitynameidfield="msdyn_notificationfieldid" m2mrelationshipname="msdyn_notificationtemplate_notificationfield">
        <targetids>
          <targetid>b2c7295d-37bc-424d-ba73-afcc7e4c6ccd</targetid>
        </targetids>
      </m2mrelationship>
    </m2mrelationships>
  </entity>
</entities>